Gene,Coefficient
SRGN,0.06801556351590664
EPSTI1,0.12246492905577006
SCO2,0.07595585325021086
HLA-DOB,0.10230341734014961
